Module,Direction,Entry_Time,Exit_Time,Points
CORE,SHORT,2026-09-22 10:45:00,2026-09-22 11:14:00,-10.0
C2145,SHORT,2026-09-22 11:40:00,2026-09-22 14:14:00,25.0
R5_B,LONG,2026-09-23 10:00:00,2026-09-23 10:09:00,-10.0
R5_A,LONG,2026-09-23 10:20:00,2026-09-23 12:46:00,50.0
C2145,LONG,2026-09-23 13:05:00,2026-09-23 13:11:00,-10.0
SWING,SHORT,2026-09-24 13:10:00,2026-09-25 10:15:00,78.75
R7_4_STRONG_CHILD,SHORT,2026-09-28 09:40:00,2026-09-28 09:41:00,-10.0
R5_A,SHORT,2026-09-28 10:10:00,2026-09-28 10:11:00,-10.0
R5_B,SHORT,2026-09-28 10:20:00,2026-09-28 10:39:00,20.0
R5_A,SHORT,2026-09-28 10:40:00,2026-09-28 10:58:00,-10.0
R5_B,SHORT,2026-09-28 11:05:00,2026-09-28 11:30:00,-5.94921875
REPAIR_A,SHORT,2026-09-28 13:05:00,2026-09-28 13:10:00,-10.0
REPAIR_B,SHORT,2026-09-28 14:20:00,2026-09-28 14:21:00,-10.0
R5_B,SHORT,2026-09-29 10:05:00,2026-09-29 10:10:00,5.75
R5_A,SHORT,2026-09-29 10:10:00,2026-09-29 10:26:00,-10.0
R5_B,SHORT,2026-09-29 13:20:00,2026-09-29 13:28:00,20.0
R5_A,LONG,2026-09-30 10:00:00,2026-09-30 10:30:00,25.0
REPAIR_A,SHORT,2026-09-30 14:30:00,2026-09-30 14:48:00,-0.0
REPAIR_A,SHORT,2026-10-01 11:10:00,2026-10-01 11:11:00,-10.0
REPAIR_B,SHORT,2026-10-01 12:25:00,2026-10-01 12:45:00,52.0
REPAIR_A,SHORT,2026-10-01 12:45:00,2026-10-01 12:50:00,70.0
