logged_at_ist,event,module,rule,direction,entry_time,entry_price,exit_time,exit_price,points,exit_reason
2026-09-30 14:31:57.670558+05:30,SIGNAL,REPAIR_A,"(19, 29)/(3, 13)/(3, 13)",SHORT,2026-09-30 14:30:00,22642.75,,,11.94921875,
2026-09-30 14:31:57.670558+05:30,ENTRY,REPAIR_A,"(19, 29)/(3, 13)/(3, 13)",SHORT,2026-09-30 14:30:00,22642.75,,,11.94921875,
2026-09-30 14:49:57.674339+05:30,EXIT,REPAIR_A,"(19, 29)/(3, 13)/(3, 13)",SHORT,2026-09-30 14:30:00,22642.75,2026-09-30 14:48:00,22642.75,-0.0,STOP
2026-10-03 18:16:46.202707+05:30,ENTRY,CORE,CORE,SHORT,2026-09-22 10:45:00,23382.69921875,2026-09-22 11:14:00,23392.69921875,-10.0,RULE_EXIT
2026-10-03 18:16:46.202707+05:30,EXIT,CORE,CORE,SHORT,2026-09-22 10:45:00,23382.69921875,2026-09-22 11:14:00,23392.69921875,-10.0,RULE_EXIT
2026-10-03 18:16:46.202707+05:30,ENTRY,C2145,C2145,SHORT,2026-09-22 11:40:00,23370.69921875,2026-09-22 14:14:00,23345.69921875,25.0,RULE_EXIT
2026-10-03 18:16:46.202707+05:30,EXIT,C2145,C2145,SHORT,2026-09-22 11:40:00,23370.69921875,2026-09-22 14:14:00,23345.69921875,25.0,RULE_EXIT
2026-10-03 18:16:46.202707+05:30,ENTRY,R5_A,R5_A,LONG,2026-09-23 10:20:00,23393.25,2026-09-23 12:46:00,23443.25,50.0,RULE_EXIT
2026-10-03 18:16:46.202707+05:30,EXIT,R5_A,R5_A,LONG,2026-09-23 10:20:00,23393.25,2026-09-23 12:46:00,23443.25,50.0,RULE_EXIT
2026-10-03 18:16:46.202707+05:30,ENTRY,C2145,C2145,LONG,2026-09-23 13:05:00,23455.69921875,2026-09-23 13:11:00,23445.69921875,-10.0,RULE_EXIT
2026-10-03 18:16:46.202707+05:30,EXIT,C2145,C2145,LONG,2026-09-23 13:05:00,23455.69921875,2026-09-23 13:11:00,23445.69921875,-10.0,RULE_EXIT
2026-10-03 18:16:46.202707+05:30,ENTRY,SWING,SWING,SHORT,2026-09-24 09:18:00,23235.400390625,2026-09-24 09:18:00,23245.400390625,-10.0,RULE_EXIT
2026-10-03 18:16:46.202707+05:30,EXIT,SWING,SWING,SHORT,2026-09-24 09:18:00,23235.400390625,2026-09-24 09:18:00,23245.400390625,-10.0,RULE_EXIT
2026-10-03 18:16:46.202707+05:30,ENTRY,LF8_MORNING_BEAR_BREAK40,LF8_MORNING_BEAR_BREAK40,SHORT,2026-09-24 11:35:00,23207.5,2026-09-24 12:02:00,23207.5,-0.0,RULE_EXIT
2026-10-03 18:16:46.202707+05:30,EXIT,LF8_MORNING_BEAR_BREAK40,LF8_MORNING_BEAR_BREAK40,SHORT,2026-09-24 11:35:00,23207.5,2026-09-24 12:02:00,23207.5,-0.0,RULE_EXIT
2026-10-03 18:16:46.202707+05:30,ENTRY,SWING,SWING,SHORT,2026-09-24 13:10:00,23179.599609375,2026-09-25 10:15:00,23100.849609375,78.75,RULE_EXIT
2026-10-03 18:16:46.202707+05:30,EXIT,SWING,SWING,SHORT,2026-09-24 13:10:00,23179.599609375,2026-09-25 10:15:00,23100.849609375,78.75,RULE_EXIT
2026-10-03 18:16:46.202707+05:30,ENTRY,R5_A,R5_A,SHORT,2026-09-28 10:10:00,22852.0,2026-09-28 10:11:00,22862.0,-10.0,RULE_EXIT
2026-10-03 18:16:46.202707+05:30,EXIT,R5_A,R5_A,SHORT,2026-09-28 10:10:00,22852.0,2026-09-28 10:11:00,22862.0,-10.0,RULE_EXIT
2026-10-03 18:16:46.202707+05:30,ENTRY,R5_B,R5_B,SHORT,2026-09-28 10:20:00,22851.5,2026-09-28 10:39:00,22831.5,20.0,RULE_EXIT
2026-10-03 18:16:46.202707+05:30,EXIT,R5_B,R5_B,SHORT,2026-09-28 10:20:00,22851.5,2026-09-28 10:39:00,22831.5,20.0,RULE_EXIT
2026-10-03 18:16:46.202707+05:30,ENTRY,R5_A,R5_A,SHORT,2026-09-28 10:40:00,22830.55078125,2026-09-28 10:58:00,22840.55078125,-10.0,RULE_EXIT
2026-10-03 18:16:46.202707+05:30,EXIT,R5_A,R5_A,SHORT,2026-09-28 10:40:00,22830.55078125,2026-09-28 10:58:00,22840.55078125,-10.0,RULE_EXIT
2026-10-03 18:16:46.202707+05:30,ENTRY,R5_B,R5_B,SHORT,2026-09-28 11:05:00,22824.0,2026-09-28 11:30:00,22829.94921875,-5.94921875,RULE_EXIT
2026-10-03 18:16:46.202707+05:30,EXIT,R5_B,R5_B,SHORT,2026-09-28 11:05:00,22824.0,2026-09-28 11:30:00,22829.94921875,-5.94921875,RULE_EXIT
2026-10-03 18:16:46.202707+05:30,ENTRY,REPAIR_A,REPAIR_A,SHORT,2026-09-28 13:05:00,22821.19921875,2026-09-28 13:10:00,22831.19921875,-10.0,RULE_EXIT
2026-10-03 18:16:46.202707+05:30,EXIT,REPAIR_A,REPAIR_A,SHORT,2026-09-28 13:05:00,22821.19921875,2026-09-28 13:10:00,22831.19921875,-10.0,RULE_EXIT
2026-10-03 18:16:46.202707+05:30,ENTRY,LF5_MIDDAY_QUALITY80,LF5_MIDDAY_QUALITY80,SHORT,2026-09-28 13:30:00,22846.349609375,2026-09-28 13:41:00,22846.349609375,-0.0,RULE_EXIT
2026-10-03 18:16:46.202707+05:30,EXIT,LF5_MIDDAY_QUALITY80,LF5_MIDDAY_QUALITY80,SHORT,2026-09-28 13:30:00,22846.349609375,2026-09-28 13:41:00,22846.349609375,-0.0,RULE_EXIT
2026-10-03 18:16:46.202707+05:30,ENTRY,REPAIR_B,REPAIR_B,SHORT,2026-09-28 14:20:00,22795.44921875,2026-09-28 14:21:00,22805.44921875,-10.0,RULE_EXIT
2026-10-03 18:16:46.202707+05:30,EXIT,REPAIR_B,REPAIR_B,SHORT,2026-09-28 14:20:00,22795.44921875,2026-09-28 14:21:00,22805.44921875,-10.0,RULE_EXIT
2026-10-03 18:16:46.202707+05:30,ENTRY,LF6_LATE_RED_PULL40,LF6_LATE_RED_PULL40,SHORT,2026-09-28 14:50:00,22798.599609375,2026-09-28 15:15:00,22788.25,10.349609375,RULE_EXIT
2026-10-03 18:16:46.202707+05:30,EXIT,LF6_LATE_RED_PULL40,LF6_LATE_RED_PULL40,SHORT,2026-09-28 14:50:00,22798.599609375,2026-09-28 15:15:00,22788.25,10.349609375,RULE_EXIT
2026-10-03 18:16:46.202707+05:30,ENTRY,R5_B,R5_B,SHORT,2026-09-29 10:05:00,22590.5,2026-09-29 10:10:00,22584.75,5.75,RULE_EXIT
2026-10-03 18:16:46.202707+05:30,ENTRY,R5_A,R5_A,SHORT,2026-09-29 10:10:00,22584.75,2026-09-29 10:26:00,22594.75,-10.0,RULE_EXIT
2026-10-03 18:16:46.202707+05:30,EXIT,R5_B,R5_B,SHORT,2026-09-29 10:05:00,22590.5,2026-09-29 10:10:00,22584.75,5.75,RULE_EXIT
2026-10-03 18:16:46.202707+05:30,EXIT,R5_A,R5_A,SHORT,2026-09-29 10:10:00,22584.75,2026-09-29 10:26:00,22594.75,-10.0,RULE_EXIT
2026-10-03 18:16:46.202707+05:30,ENTRY,R5_B,R5_B,SHORT,2026-09-29 11:05:00,22600.55078125,2026-09-29 11:09:00,22610.55078125,-10.0,RULE_EXIT
2026-10-03 18:16:46.202707+05:30,EXIT,R5_B,R5_B,SHORT,2026-09-29 11:05:00,22600.55078125,2026-09-29 11:09:00,22610.55078125,-10.0,RULE_EXIT
2026-10-03 18:16:46.202707+05:30,ENTRY,R5_A,R5_A,LONG,2026-09-30 09:45:00,22714.94921875,2026-09-30 09:48:00,22704.94921875,-10.0,RULE_EXIT
2026-10-03 18:16:46.202707+05:30,EXIT,R5_A,R5_A,LONG,2026-09-30 09:45:00,22714.94921875,2026-09-30 09:48:00,22704.94921875,-10.0,RULE_EXIT
2026-10-03 18:16:46.202707+05:30,ENTRY,R5_B,R5_B,LONG,2026-09-30 10:00:00,22722.25,2026-09-30 10:05:00,22742.25,20.0,RULE_EXIT
2026-10-03 18:16:46.202707+05:30,EXIT,R5_B,R5_B,LONG,2026-09-30 10:00:00,22722.25,2026-09-30 10:05:00,22742.25,20.0,RULE_EXIT
2026-10-03 18:16:46.202707+05:30,ENTRY,R5_A,R5_A,LONG,2026-09-30 10:06:00,22742.900390625,2026-09-30 10:32:00,22742.900390625,0.0,RULE_EXIT
2026-10-03 18:16:46.202707+05:30,EXIT,R5_A,R5_A,LONG,2026-09-30 10:06:00,22742.900390625,2026-09-30 10:32:00,22742.900390625,0.0,RULE_EXIT
2026-10-03 18:16:46.202707+05:30,ENTRY,R5_A,R5_A,LONG,2026-09-30 12:36:00,22772.400390625,2026-09-30 13:15:00,22778.30078125,5.900390625,RULE_EXIT
2026-10-03 18:16:46.202707+05:30,EXIT,R5_A,R5_A,LONG,2026-09-30 12:36:00,22772.400390625,2026-09-30 13:15:00,22778.30078125,5.900390625,RULE_EXIT
2026-10-03 18:16:46.202707+05:30,ENTRY,REPAIR_A,REPAIR_A,SHORT,2026-09-30 14:30:00,22642.75,2026-09-30 14:48:00,22642.75,-0.0,RULE_EXIT
2026-10-03 18:16:46.202707+05:30,EXIT,REPAIR_A,REPAIR_A,SHORT,2026-09-30 14:30:00,22642.75,2026-09-30 14:48:00,22642.75,-0.0,RULE_EXIT
2026-10-03 18:16:46.202707+05:30,ENTRY,REPAIR_A,REPAIR_A,SHORT,2026-10-01 11:10:00,22535.150390625,2026-10-01 11:11:00,22545.150390625,-10.0,RULE_EXIT
2026-10-03 18:16:46.202707+05:30,EXIT,REPAIR_A,REPAIR_A,SHORT,2026-10-01 11:10:00,22535.150390625,2026-10-01 11:11:00,22545.150390625,-10.0,RULE_EXIT
2026-10-03 18:16:46.202707+05:30,ENTRY,REPAIR_B,REPAIR_B,SHORT,2026-10-01 12:25:00,22485.69921875,2026-10-01 12:45:00,22433.69921875,52.0,RULE_EXIT
2026-10-03 18:16:46.202707+05:30,ENTRY,REPAIR_A,REPAIR_A,SHORT,2026-10-01 12:45:00,22433.69921875,2026-10-01 12:50:00,22363.69921875,70.0,RULE_EXIT
2026-10-03 18:16:46.202707+05:30,EXIT,REPAIR_B,REPAIR_B,SHORT,2026-10-01 12:25:00,22485.69921875,2026-10-01 12:45:00,22433.69921875,52.0,RULE_EXIT
2026-10-03 18:16:46.202707+05:30,EXIT,REPAIR_A,REPAIR_A,SHORT,2026-10-01 12:45:00,22433.69921875,2026-10-01 12:50:00,22363.69921875,70.0,RULE_EXIT
